"""Big Brain"" Gene Allowed for Evolutionary Expansion of Our Neocortex (Scientific American)",http://news.feedzilla.com/en_us/stories/science/423174248?client_source=api&format=json,"The newly identified gene is found in modern-day humans, Neandertals and
Denisovans, but not in chimps


-- Read more on ScientificAmerican.com

"
"42 Artificial Intelligences Are Going Head To Head In ""Civilization V""",http://rss.slashdot.org/~r/Slashdot/slashdot/~3/yh9zIeTq1rQ/story01.htm,"rossgneumann writes The r/Civ subreddit is currently hosting a fascinating ""Battle Royale"" in the strategy game Civilization V, pitting 42 of the game's built-in, computer-controlled players against each other for world domination. The match is being played on the largest Earth-shaped map the game is capable of, with both civilizations that were included in the retail version of the game and custom, player-created civilizations that were modded into it after release.<p><div class=""share_submission"" style=""position:relative;""> <a class=""slashpop"" href=""http://twitter.com/home?status=42+Artificial+Intelligences+Are+Going+Head+To+Head+In+%22Civilization+V%22%3A+http%3A%2F%2Fbit.ly%2F17I6xam""><img src=""http://a.fsdn.com/sd/twitter_icon_large.png""></a> <a class=""slashpop"" href=""http://www.facebook.com/sharer.php?u=http%3A%2F%2Fgames.slashdot.org%2Fstory%2F15%2F03%2F01%2F1320251%2F42-artificial-intelligences-are-going-head-to-head-in-civilization-v%3Futm_source%3Dslashdot%26utm_medium%3Dfacebook""><img src=""http://a.fsdn.com/sd/facebook_icon_large.png""></a> <a class=""nobg"" href=""http://plus.google.com/share?url=http://games.slashdot.org/story/15/03/01/1320251/42-artificial-intelligences-are-going-head-to-head-in-civilization-v?utm_source=slashdot&amp;utm_medium=googleplus"" onclick=""javascript:window.open(this.href,'', 'menubar=no,toolbar=no,resizable=yes,scrollbars=yes,height=600,width=600');return false;""><img src=""http://www.gstatic.com/images/icons/gplus-16.png"" alt=""Share on Google+""/></a> </div></p><p><a href=""http://games.slashdot.org/story/15/03/01/1320251/42-artificial-intelligences-are-going-head-to-head-in-civilization-v?utm_source=rss1.0moreanon&amp;utm_medium=feed"">Read more of this story</a> at Slashdot.</p><iframe src=""http://slashdot.org/slashdot-it.pl?op=discuss&amp;id=7034875&amp;smallembed=1"" style=""height: 300px; width: 100%; border: none;""></iframe><img width='1' height='1' src='http://slashdot.feedsportal.com/c/35028/f/647410/s/43eadeb5/sc/15/mf.gif' border='0'/><br clear='all'/><br/><br/><a href=""http://da.feedsportal.com/r/222166695428/u/49/f/647410/c/35028/s/43eadeb5/sc/15/rc/1/rc.htm"" rel=""nofollow""><img src=""http://da.feedsportal.com/r/222166695428/u/49/f/647410/c/35028/s/43eadeb5/sc/15/rc/1/rc.img"" border=""0""/></a><br/><a href=""http://da.feedsportal.com/r/222166695428/u/49/f/647410/c/35028/s/43eadeb5/sc/15/rc/2/rc.htm"" rel=""nofollow""><img src=""http://da.feedsportal.com/r/222166695428/u/49/f/647410/c/35028/s/43eadeb5/sc/15/rc/2/rc.img"" border=""0""/></a><br/><a href=""http://da.feedsportal.com/r/222166695428/u/49/f/647410/c/35028/s/43eadeb5/sc/15/rc/3/rc.htm"" rel=""nofollow""><img src=""http://da.feedsportal.com/r/222166695428/u/49/f/647410/c/35028/s/43eadeb5/sc/15/rc/3/rc.img"" border=""0""/></a><br/><br/><a href=""http://da.feedsportal.com/r/222166695428/u/49/f/647410/c/35028/s/43eadeb5/sc/15/a2.htm""><img src=""http://da.feedsportal.com/r/222166695428/u/49/f/647410/c/35028/s/43eadeb5/sc/15/a2.img"" border=""0""/></a><img width=""1"" height=""1"" src=""http://pi.feedsportal.com/r/222166695428/u/49/f/647410/c/35028/s/43eadeb5/sc/15/a2t.img"" border=""0""/><img src=""//feeds.feedburner.com/~r/Slashdot/slashdot/~4/yh9zIeTq1rQ"" height=""1"" width=""1"" alt=""""/>"
<i>Scientific American</i> and <i>Nature</i> Editors Remember Leonard Nimoy (Scientific American),http://news.feedzilla.com/en_us/stories/science/423218375?client_source=api&format=json,"Nimoy inspired many members of the Scientific American community, some of whom
offer remembrances here


-- Read more on ScientificAmerican.com

"
A New Edition of The Journal of Ethics is Available (bioethicscom),http://news.feedzilla.com/en_us/stories/science/423428892?client_source=api&format=json,"The Journal of Ethics (Volume 19, No. 1, March 2015) is now available online
by subscription only. Articles include: ""Public reason and prenatal moral
status"" by Jeremy Williams ""Manipulation and the zygote argument: another
reply"" by Markus E. Schlosser

"
As Big As Net Neutrality? FCC Kills State-Imposed Internet Monopolies,http://rss.slashdot.org/~r/Slashdot/slashdot/~3/kO1HeXwftzQ/story01.htm,"tedlistens writes: On Thursday, before it voted in favor of ""net neutrality,"" the Federal Communications Commission voted 3-2 to override state laws in Tennessee and North Carolina that have barred local governments and public utilities from offering broadband outside the areas where they have traditionally sold electricity. Christopher Mitchell of the Institute for Local Self-Reliance said the move was as important for internet competition as net neutrality: ""Preventing big Internet Service Providers from unfairly discriminating against content online is a victory, but allowing communities to be the owners and stewards of their own broadband networks is a watershed moment that will serve as a check against the worst abuses of the cable monopoly for decades to come."" The laws, like those in over a dozen other states, are often created under pressure from large private Internet providers like Comcast and Verizon, who consequently control monopolies or duopolies over high-speed internet in these places.<p><div class=""share_submission"" style=""position:relative;""> <a class=""slashpop"" href=""http://twitter.com/home?status=As+Big+As+Net+Neutrality%3F+FCC+Kills+State-Imposed+Internet+Monopolies%3A+http%3A%2F%2Fbit.ly%2F1EAvOjW""><img src=""http://a.fsdn.com/sd/twitter_icon_large.png""></a> <a class=""slashpop"" href=""http://www.facebook.com/sharer.php?u=http%3A%2F%2Ftech.slashdot.org%2Fstory%2F15%2F02%2F28%2F2050231%2Fas-big-as-net-neutrality-fcc-kills-state-imposed-internet-monopolies%3Futm_source%3Dslashdot%26utm_medium%3Dfacebook""><img src=""http://a.fsdn.com/sd/facebook_icon_large.png""></a> <a class=""nobg"" href=""http://plus.google.com/share?url=http://tech.slashdot.org/story/15/02/28/2050231/as-big-as-net-neutrality-fcc-kills-state-imposed-internet-monopolies?utm_source=slashdot&amp;utm_medium=googleplus"" onclick=""javascript:window.open(this.href,'', 'menubar=no,toolbar=no,resizable=yes,scrollbars=yes,height=600,width=600');return false;""><img src=""http://www.gstatic.com/images/icons/gplus-16.png"" alt=""Share on Google+""/></a> </div></p><p><a href=""http://tech.slashdot.org/story/15/02/28/2050231/as-big-as-net-neutrality-fcc-kills-state-imposed-internet-monopolies?utm_source=rss1.0moreanon&amp;utm_medium=feed"">Read more of this story</a> at Slashdot.</p><iframe src=""http://slashdot.org/slashdot-it.pl?op=discuss&amp;id=7031929&amp;smallembed=1"" style=""height: 300px; width: 100%; border: none;""></iframe><img width='1' height='1' src='http://slashdot.feedsportal.com/c/35028/f/647410/s/43e727eb/sc/46/mf.gif' border='0'/><br clear='all'/><br/><br/><a href=""http://da.feedsportal.com/r/222166657192/u/49/f/647410/c/35028/s/43e727eb/sc/46/rc/1/rc.htm"" rel=""nofollow""><img src=""http://da.feedsportal.com/r/222166657192/u/49/f/647410/c/35028/s/43e727eb/sc/46/rc/1/rc.img"" border=""0""/></a><br/><a href=""http://da.feedsportal.com/r/222166657192/u/49/f/647410/c/35028/s/43e727eb/sc/46/rc/2/rc.htm"" rel=""nofollow""><img src=""http://da.feedsportal.com/r/222166657192/u/49/f/647410/c/35028/s/43e727eb/sc/46/rc/2/rc.img"" border=""0""/></a><br/><a href=""http://da.feedsportal.com/r/222166657192/u/49/f/647410/c/35028/s/43e727eb/sc/46/rc/3/rc.htm"" rel=""nofollow""><img src=""http://da.feedsportal.com/r/222166657192/u/49/f/647410/c/35028/s/43e727eb/sc/46/rc/3/rc.img"" border=""0""/></a><br/><br/><a href=""http://da.feedsportal.com/r/222166657192/u/49/f/647410/c/35028/s/43e727eb/sc/46/a2.htm""><img src=""http://da.feedsportal.com/r/222166657192/u/49/f/647410/c/35028/s/43e727eb/sc/46/a2.img"" border=""0""/></a><img width=""1"" height=""1"" src=""http://pi.feedsportal.com/r/222166657192/u/49/f/647410/c/35028/s/43e727eb/sc/46/a2t.img"" border=""0""/><img src=""//feeds.feedburner.com/~r/Slashdot/slashdot/~4/kO1HeXwftzQ"" height=""1"" width=""1"" alt=""""/>"
Ask Slashdot: How Does One Verify Hard Drive Firmware?,http://rss.slashdot.org/~r/Slashdot/slashdot/~3/Sd8Xip8R76M/story01.htm,"An anonymous reader writes: In light of recent revelations from Kaspersky Labs about the Equation Group and persistent hard drive malware, I was curious about how easy it might be to verify my own system's drives to see if they were infected. I have no real reason to think they would be, but I was dismayed by the total lack of tools to independently verify such a thing. For instance, Seagate's firmware download pages provide files with no external hash, something Linux distributions do for all of their packages. Neither do they seem to provide a utility to read off the current firmware from a drive and verify its integrity. Are there any utilities to do such a thing? Why don't these companies provide verification software to users? Has anyone compiled and posted a public list of known-good firmware hashes for the major hard drive vendors and models? This seems to be a critical hole in PC security. I did contact Seagate support asking for hashes of their latest firmware; I got a response stating, ""...If you download the firmware directly from our website there is no risk on the file be tampered with."" (Their phrasing, not mine.) Methinks somebody hasn't been keeping up with world events lately.<p><div class=""share_submission"" style=""position:relative;""> <a class=""slashpop"" href=""http://twitter.com/home?status=Ask+Slashdot%3A+How+Does+One+Verify+Hard+Drive+Firmware%3F%3A+http%3A%2F%2Fbit.ly%2F1M0JncL""><img src=""http://a.fsdn.com/sd/twitter_icon_large.png""></a> <a class=""slashpop"" href=""http://www.facebook.com/sharer.php?u=http%3A%2F%2Fask.slashdot.org%2Fstory%2F15%2F03%2F01%2F0550244%2Fask-slashdot-how-does-one-verify-hard-drive-firmware%3Futm_source%3Dslashdot%26utm_medium%3Dfacebook""><img src=""http://a.fsdn.com/sd/facebook_icon_large.png""></a> <a class=""nobg"" href=""http://plus.google.com/share?url=http://ask.slashdot.org/story/15/03/01/0550244/ask-slashdot-how-does-one-verify-hard-drive-firmware?utm_source=slashdot&amp;utm_medium=googleplus"" onclick=""javascript:window.open(this.href,'', 'menubar=no,toolbar=no,resizable=yes,scrollbars=yes,height=600,width=600');return false;""><img src=""http://www.gstatic.com/images/icons/gplus-16.png"" alt=""Share on Google+""/></a> </div></p><p><a href=""http://ask.slashdot.org/story/15/03/01/0550244/ask-slashdot-how-does-one-verify-hard-drive-firmware?utm_source=rss1.0moreanon&amp;utm_medium=feed"">Read more of this story</a> at Slashdot.</p><iframe src=""http://slashdot.org/slashdot-it.pl?op=discuss&amp;id=7033229&amp;smallembed=1"" style=""height: 300px; width: 100%; border: none;""></iframe><img width='1' height='1' src='http://slashdot.feedsportal.com/c/35028/f/647410/s/43e9701a/sc/4/mf.gif' border='0'/><br clear='all'/><br/><br/><a href=""http://da.feedsportal.com/r/222166693991/u/49/f/647410/c/35028/s/43e9701a/sc/4/rc/1/rc.htm"" rel=""nofollow""><img src=""http://da.feedsportal.com/r/222166693991/u/49/f/647410/c/35028/s/43e9701a/sc/4/rc/1/rc.img"" border=""0""/></a><br/><a href=""http://da.feedsportal.com/r/222166693991/u/49/f/647410/c/35028/s/43e9701a/sc/4/rc/2/rc.htm"" rel=""nofollow""><img src=""http://da.feedsportal.com/r/222166693991/u/49/f/647410/c/35028/s/43e9701a/sc/4/rc/2/rc.img"" border=""0""/></a><br/><a href=""http://da.feedsportal.com/r/222166693991/u/49/f/647410/c/35028/s/43e9701a/sc/4/rc/3/rc.htm"" rel=""nofollow""><img src=""http://da.feedsportal.com/r/222166693991/u/49/f/647410/c/35028/s/43e9701a/sc/4/rc/3/rc.img"" border=""0""/></a><br/><br/><a href=""http://da.feedsportal.com/r/222166693991/u/49/f/647410/c/35028/s/43e9701a/sc/4/a2.htm""><img src=""http://da.feedsportal.com/r/222166693991/u/49/f/647410/c/35028/s/43e9701a/sc/4/a2.img"" border=""0""/></a><img width=""1"" height=""1"" src=""http://pi.feedsportal.com/r/222166693991/u/49/f/647410/c/35028/s/43e9701a/sc/4/a2t.img"" border=""0""/><img src=""//feeds.feedburner.com/~r/Slashdot/slashdot/~4/Sd8Xip8R76M"" height=""1"" width=""1"" alt=""""/>"
Ask Slashdot: Whiteboard Substitutes For Distributed Teams?,http://rss.slashdot.org/~r/Slashdot/slashdot/~3/NpalwjF4KJk/story01.htm,"DoofusOfDeath writes I work on a fully distributed software development team with 5-10 people. Normally it's great, but when we're doing heavy design work, we really need to all be standing in front of a whiteboard together. This is expensive and time consuming, because it involves airplanes and hotels. Conference calls, editing shared Google docs, etc. just don't seem to be the same. Have people found any good tools or practices to replace standing in front of a real whiteboard?<p><div class=""share_submission"" style=""position:relative;""> <a class=""slashpop"" href=""http://twitter.com/home?status=Ask+Slashdot%3A+Whiteboard+Substitutes+For+Distributed+Teams%3F%3A+http%3A%2F%2Fbit.ly%2F1aCmNeX""><img src=""http://a.fsdn.com/sd/twitter_icon_large.png""></a> <a class=""slashpop"" href=""http://www.facebook.com/sharer.php?u=http%3A%2F%2Fask.slashdot.org%2Fstory%2F15%2F02%2F28%2F067243%2Fask-slashdot-whiteboard-substitutes-for-distributed-teams%3Futm_source%3Dslashdot%26utm_medium%3Dfacebook""><img src=""http://a.fsdn.com/sd/facebook_icon_large.png""></a> <a class=""nobg"" href=""http://plus.google.com/share?url=http://ask.slashdot.org/story/15/02/28/067243/ask-slashdot-whiteboard-substitutes-for-distributed-teams?utm_source=slashdot&amp;utm_medium=googleplus"" onclick=""javascript:window.open(this.href,'', 'menubar=no,toolbar=no,resizable=yes,scrollbars=yes,height=600,width=600');return false;""><img src=""http://www.gstatic.com/images/icons/gplus-16.png"" alt=""Share on Google+""/></a> </div></p><p><a href=""http://ask.slashdot.org/story/15/02/28/067243/ask-slashdot-whiteboard-substitutes-for-distributed-teams?utm_source=rss1.0moreanon&amp;utm_medium=feed"">Read more of this story</a> at Slashdot.</p><iframe src=""http://slashdot.org/slashdot-it.pl?op=discuss&amp;id=7028485&amp;smallembed=1"" style=""height: 300px; width: 100%; border: none;""></iframe><img width='1' height='1' src='http://slashdot.feedsportal.com/c/35028/f/647410/s/43e5ae60/sc/4/mf.gif' border='0'/><br clear='all'/><br/><br/><a href=""http://da.feedsportal.com/r/222166647601/u/49/f/647410/c/35028/s/43e5ae60/sc/4/rc/1/rc.htm"" rel=""nofollow""><img src=""http://da.feedsportal.com/r/222166647601/u/49/f/647410/c/35028/s/43e5ae60/sc/4/rc/1/rc.img"" border=""0""/></a><br/><a href=""http://da.feedsportal.com/r/222166647601/u/49/f/647410/c/35028/s/43e5ae60/sc/4/rc/2/rc.htm"" rel=""nofollow""><img src=""http://da.feedsportal.com/r/222166647601/u/49/f/647410/c/35028/s/43e5ae60/sc/4/rc/2/rc.img"" border=""0""/></a><br/><a href=""http://da.feedsportal.com/r/222166647601/u/49/f/647410/c/35028/s/43e5ae60/sc/4/rc/3/rc.htm"" rel=""nofollow""><img src=""http://da.feedsportal.com/r/222166647601/u/49/f/647410/c/35028/s/43e5ae60/sc/4/rc/3/rc.img"" border=""0""/></a><br/><br/><a href=""http://da.feedsportal.com/r/222166647601/u/49/f/647410/c/35028/s/43e5ae60/sc/4/a2.htm""><img src=""http://da.feedsportal.com/r/222166647601/u/49/f/647410/c/35028/s/43e5ae60/sc/4/a2.img"" border=""0""/></a><img width=""1"" height=""1"" src=""http://pi.feedsportal.com/r/222166647601/u/49/f/647410/c/35028/s/43e5ae60/sc/4/a2t.img"" border=""0""/><img src=""//feeds.feedburner.com/~r/Slashdot/slashdot/~4/NpalwjF4KJk"" height=""1"" width=""1"" alt=""""/>"
Astronauts leave space station for third spacewalk (reuters),http://news.feedzilla.com/en_us/stories/science/423417144?client_source=api&format=json,"CAPE CANAVERAL, Fla (Reuters) - Two U.S. astronauts left the International
Space Station on Sunday for a seven-hour spacewalk to install communications
and navigation aides for new commercial space taxis.







"
Bioinspired Antireflective Coating Could Help Devices Capture More Light (pubs.acs),http://news.feedzilla.com/en_us/stories/science/423155473?client_source=api&format=json,"Materials: A design similar to the compound eye of a moth could boost solar-
cell efficiency

"
Blu-Ray Players Hackable Via Malicious Discs,http://rss.slashdot.org/~r/Slashdot/slashdot/~3/BnkAeDttFLs/story01.htm,"An anonymous reader writes: Some Blu-Ray disc interactive features use a Java variant for UIs and applications. Stephen Tomkinson just posted a blog discussing how specially created Blu-Ray discs can be used to hack various players using exploits related to their Java usage. He hacked one Linux-based, network-connected player to get root access through vulnerabilities introduced by the vendor. He did the same thing against Windows Blu-Ray player software. Tomkinson was then able to combine both, along with detection techniques, into a single disc.<p><div class=""share_submission"" style=""position:relative;""> <a class=""slashpop"" href=""http://twitter.com/home?status=Blu-Ray+Players+Hackable+Via+Malicious+Discs%3A+http%3A%2F%2Fbit.ly%2F1EA7ij1""><img src=""http://a.fsdn.com/sd/twitter_icon_large.png""></a> <a class=""slashpop"" href=""http://www.facebook.com/sharer.php?u=http%3A%2F%2Fit.slashdot.org%2Fstory%2F15%2F02%2F28%2F1857211%2Fblu-ray-players-hackable-via-malicious-discs%3Futm_source%3Dslashdot%26utm_medium%3Dfacebook""><img src=""http://a.fsdn.com/sd/facebook_icon_large.png""></a> <a class=""nobg"" href=""http://plus.google.com/share?url=http://it.slashdot.org/story/15/02/28/1857211/blu-ray-players-hackable-via-malicious-discs?utm_source=slashdot&amp;utm_medium=googleplus"" onclick=""javascript:window.open(this.href,'', 'menubar=no,toolbar=no,resizable=yes,scrollbars=yes,height=600,width=600');return false;""><img src=""http://www.gstatic.com/images/icons/gplus-16.png"" alt=""Share on Google+""/></a> </div></p><p><a href=""http://it.slashdot.org/story/15/02/28/1857211/blu-ray-players-hackable-via-malicious-discs?utm_source=rss1.0moreanon&amp;utm_medium=feed"">Read more of this story</a> at Slashdot.</p><iframe src=""http://slashdot.org/slashdot-it.pl?op=discuss&amp;id=7031641&amp;smallembed=1"" style=""height: 300px; width: 100%; border: none;""></iframe><img width='1' height='1' src='http://slashdot.feedsportal.com/c/35028/f/647410/s/43e64da0/sc/4/mf.gif' border='0'/><br clear='all'/><br/><br/><a href=""http://da.feedsportal.com/r/222166654207/u/49/f/647410/c/35028/s/43e64da0/sc/4/rc/1/rc.htm"" rel=""nofollow""><img src=""http://da.feedsportal.com/r/222166654207/u/49/f/647410/c/35028/s/43e64da0/sc/4/rc/1/rc.img"" border=""0""/></a><br/><a href=""http://da.feedsportal.com/r/222166654207/u/49/f/647410/c/35028/s/43e64da0/sc/4/rc/2/rc.htm"" rel=""nofollow""><img src=""http://da.feedsportal.com/r/222166654207/u/49/f/647410/c/35028/s/43e64da0/sc/4/rc/2/rc.img"" border=""0""/></a><br/><a href=""http://da.feedsportal.com/r/222166654207/u/49/f/647410/c/35028/s/43e64da0/sc/4/rc/3/rc.htm"" rel=""nofollow""><img src=""http://da.feedsportal.com/r/222166654207/u/49/f/647410/c/35028/s/43e64da0/sc/4/rc/3/rc.img"" border=""0""/></a><br/><br/><a href=""http://da.feedsportal.com/r/222166654207/u/49/f/647410/c/35028/s/43e64da0/sc/4/a2.htm""><img src=""http://da.feedsportal.com/r/222166654207/u/49/f/647410/c/35028/s/43e64da0/sc/4/a2.img"" border=""0""/></a><img width=""1"" height=""1"" src=""http://pi.feedsportal.com/r/222166654207/u/49/f/647410/c/35028/s/43e64da0/sc/4/a2t.img"" border=""0""/><img src=""//feeds.feedburner.com/~r/Slashdot/slashdot/~4/BnkAeDttFLs"" height=""1"" width=""1"" alt=""""/>"
Book Review: <i>Rust: The Longest War</i> (Scientific American),http://news.feedzilla.com/en_us/stories/science/423174249?client_source=api&format=json,"Books and recommendations from Scientific American


-- Read more on ScientificAmerican.com

"
"Britain Imported Wheat 2,000 Years Before Growing It (Scientific American)",http://news.feedzilla.com/en_us/stories/science/423010774?client_source=api&format=json,"Sediments at a Britsh archaeological site include wheat remains dating back
8,000 years, meaning that Britons were bringing in European wheat two
millennia before they grew it. Cynthia Graber...


-- Read more on ScientificAmerican.com

"
Clarity for Florida's Springs (Discover Magazine),http://news.feedzilla.com/en_us/stories/science/423047994?client_source=api&format=json,"What's behind the steady algal takeover of these aquatic treasures?

"
Craig Brittain (Revenge Porn King) Sues For Use of Image,http://rss.slashdot.org/~r/Slashdot/slashdot/~3/Ckm04kaAvN8/story01.htm,"retroworks writes ""Washington Post reporter Caitlin Dewey leads with, ""Revenge-porn impresario Craig Brittain is learning the hard way that karma is a real witch."" The report states that the Federal Trade Commission has settled a complaint against Brittain, whose defunct site, ""Is Anybody Down"" was accused of unfair business practices. From the article: ""The site paid its bills by soliciting women's nude photos on Craigslist and/or from their exes, publishing the photos without the women's permission (and often with their names and phone numbers attached), and then charging fees of $200 to $500 to take the photos down."" Brittain agreed to destroy the image and never operate a revenge porn site again. However, On Feb. 9, ""Brittain filed a takedown request to Google, demanding that the search engine stop linking to nearly two dozen URLs &mdash; including a number of news articles, and files on the case from the FTC &mdash; because they used photos of him and information about him without his permission."" Ars Technica explains. ""In this instance, fair use and general First Amendment principles are on Google's and the media's side.""<p><div class=""share_submission"" style=""position:relative;""> <a class=""slashpop"" href=""http://twitter.com/home?status=Craig+Brittain+(Revenge+Porn+King)+Sues+For+Use+of+Image%3A+http%3A%2F%2Fbit.ly%2F1DFOOf1""><img src=""http://a.fsdn.com/sd/twitter_icon_large.png""></a> <a class=""slashpop"" href=""http://www.facebook.com/sharer.php?u=http%3A%2F%2Ftech.slashdot.org%2Fstory%2F15%2F03%2F01%2F1313249%2Fcraig-brittain-revenge-porn-king-sues-for-use-of-image%3Futm_source%3Dslashdot%26utm_medium%3Dfacebook""><img src=""http://a.fsdn.com/sd/facebook_icon_large.png""></a> <a class=""nobg"" href=""http://plus.google.com/share?url=http://tech.slashdot.org/story/15/03/01/1313249/craig-brittain-revenge-porn-king-sues-for-use-of-image?utm_source=slashdot&amp;utm_medium=googleplus"" onclick=""javascript:window.open(this.href,'', 'menubar=no,toolbar=no,resizable=yes,scrollbars=yes,height=600,width=600');return false;""><img src=""http://www.gstatic.com/images/icons/gplus-16.png"" alt=""Share on Google+""/></a> </div></p><p><a href=""http://tech.slashdot.org/story/15/03/01/1313249/craig-brittain-revenge-porn-king-sues-for-use-of-image?utm_source=rss1.0moreanon&amp;utm_medium=feed"">Read more of this story</a> at Slashdot.</p><iframe src=""http://slashdot.org/slashdot-it.pl?op=discuss&amp;id=7034863&amp;smallembed=1"" style=""height: 300px; width: 100%; border: none;""></iframe><img width='1' height='1' src='http://slashdot.feedsportal.com/c/35028/f/647410/s/43eadeb6/sc/4/mf.gif' border='0'/><br clear='all'/><br/><br/><a href=""http://da.feedsportal.com/r/222166695427/u/49/f/647410/c/35028/s/43eadeb6/sc/4/rc/1/rc.htm"" rel=""nofollow""><img src=""http://da.feedsportal.com/r/222166695427/u/49/f/647410/c/35028/s/43eadeb6/sc/4/rc/1/rc.img"" border=""0""/></a><br/><a href=""http://da.feedsportal.com/r/222166695427/u/49/f/647410/c/35028/s/43eadeb6/sc/4/rc/2/rc.htm"" rel=""nofollow""><img src=""http://da.feedsportal.com/r/222166695427/u/49/f/647410/c/35028/s/43eadeb6/sc/4/rc/2/rc.img"" border=""0""/></a><br/><a href=""http://da.feedsportal.com/r/222166695427/u/49/f/647410/c/35028/s/43eadeb6/sc/4/rc/3/rc.htm"" rel=""nofollow""><img src=""http://da.feedsportal.com/r/222166695427/u/49/f/647410/c/35028/s/43eadeb6/sc/4/rc/3/rc.img"" border=""0""/></a><br/><br/><a href=""http://da.feedsportal.com/r/222166695427/u/49/f/647410/c/35028/s/43eadeb6/sc/4/a2.htm""><img src=""http://da.feedsportal.com/r/222166695427/u/49/f/647410/c/35028/s/43eadeb6/sc/4/a2.img"" border=""0""/></a><img width=""1"" height=""1"" src=""http://pi.feedsportal.com/r/222166695427/u/49/f/647410/c/35028/s/43eadeb6/sc/4/a2t.img"" border=""0""/><img src=""//feeds.feedburner.com/~r/Slashdot/slashdot/~4/Ckm04kaAvN8"" height=""1"" width=""1"" alt=""""/>"
"Dark Energy Camera Takes Accidental Gigantic, Magnificent Picture of Comet Lovejoy (Universe Today)",http://news.feedzilla.com/en_us/stories/science/423154541?client_source=api&format=json,"Oops! In a happy accident, Comet Lovejoy just happened to be in the field of
view of the 570-megapixel Dark Energy Camera, the world’s most powerful
digital camera. One member of the observing team said it was a ""shock"" to see
Comet Lovejoy pop up on the display in the control room. ""It reminds us […]

"
"Foxconn Factories' Future: Fewer Humans, More Robots",http://rss.slashdot.org/~r/Slashdot/slashdot/~3/dN96cF0oklA/story01.htm,"jfruh writes: Foxconn, which supplies much of Apple's manufacturing muscle and has been criticized for various labor sins, is now moving to hire employees who won't complain because they're robots. The company expects 70 percent of its assembly line work to be robot-driven within three years.<p><div class=""share_submission"" style=""position:relative;""> <a class=""slashpop"" href=""http://twitter.com/home?status=Foxconn+Factories'+Future%3A+Fewer+Humans%2C+More+Robots%3A+http%3A%2F%2Fbit.ly%2F1DnQ5F0""><img src=""http://a.fsdn.com/sd/twitter_icon_large.png""></a> <a class=""slashpop"" href=""http://www.facebook.com/sharer.php?u=http%3A%2F%2Fhardware.slashdot.org%2Fstory%2F15%2F02%2F28%2F2251208%2Ffoxconn-factories-future-fewer-humans-more-robots%3Futm_source%3Dslashdot%26utm_medium%3Dfacebook""><img src=""http://a.fsdn.com/sd/facebook_icon_large.png""></a> <a class=""nobg"" href=""http://plus.google.com/share?url=http://hardware.slashdot.org/story/15/02/28/2251208/foxconn-factories-future-fewer-humans-more-robots?utm_source=slashdot&amp;utm_medium=googleplus"" onclick=""javascript:window.open(this.href,'', 'menubar=no,toolbar=no,resizable=yes,scrollbars=yes,height=600,width=600');return false;""><img src=""http://www.gstatic.com/images/icons/gplus-16.png"" alt=""Share on Google+""/></a> </div></p><p><a href=""http://hardware.slashdot.org/story/15/02/28/2251208/foxconn-factories-future-fewer-humans-more-robots?utm_source=rss1.0moreanon&amp;utm_medium=feed"">Read more of this story</a> at Slashdot.</p><iframe src=""http://slashdot.org/slashdot-it.pl?op=discuss&amp;id=7032131&amp;smallembed=1"" style=""height: 300px; width: 100%; border: none;""></iframe><img width='1' height='1' src='http://slashdot.feedsportal.com/c/35028/f/647410/s/43e7eac9/sc/24/mf.gif' border='0'/><br clear='all'/><br/><br/><a href=""http://da.feedsportal.com/r/222166656007/u/49/f/647410/c/35028/s/43e7eac9/sc/24/rc/1/rc.htm"" rel=""nofollow""><img src=""http://da.feedsportal.com/r/222166656007/u/49/f/647410/c/35028/s/43e7eac9/sc/24/rc/1/rc.img"" border=""0""/></a><br/><a href=""http://da.feedsportal.com/r/222166656007/u/49/f/647410/c/35028/s/43e7eac9/sc/24/rc/2/rc.htm"" rel=""nofollow""><img src=""http://da.feedsportal.com/r/222166656007/u/49/f/647410/c/35028/s/43e7eac9/sc/24/rc/2/rc.img"" border=""0""/></a><br/><a href=""http://da.feedsportal.com/r/222166656007/u/49/f/647410/c/35028/s/43e7eac9/sc/24/rc/3/rc.htm"" rel=""nofollow""><img src=""http://da.feedsportal.com/r/222166656007/u/49/f/647410/c/35028/s/43e7eac9/sc/24/rc/3/rc.img"" border=""0""/></a><br/><br/><a href=""http://da.feedsportal.com/r/222166656007/u/49/f/647410/c/35028/s/43e7eac9/sc/24/a2.htm""><img src=""http://da.feedsportal.com/r/222166656007/u/49/f/647410/c/35028/s/43e7eac9/sc/24/a2.img"" border=""0""/></a><img width=""1"" height=""1"" src=""http://pi.feedsportal.com/r/222166656007/u/49/f/647410/c/35028/s/43e7eac9/sc/24/a2t.img"" border=""0""/><img src=""//feeds.feedburner.com/~r/Slashdot/slashdot/~4/dN96cF0oklA"" height=""1"" width=""1"" alt=""""/>"
Genetic Data Analysis Tools Reveal How US Pop Music Evolved,http://rss.slashdot.org/~r/Slashdot/slashdot/~3/BN7iJgoZGOA/story01.htm,"KentuckyFC writes: The history of pop music is rich in anecdotes, folklore and controversy. But despite the keen interest, there is little in the form of hard evidence to back up most claims about the evolution of music. Now a group of researchers have used data analysis tools developed for genomic number crunching to study the evolution of U.S. pop music. The team studied 30-second segments of more than 17,000 songs that appeared on the U.S. Billboard Hot 100 between 1960 and 2010. Their tools categorized the songs according to harmonic features such as chord changes as well as the quality of timbre such as whether guitar-based, piano-based orchestra-based and so on. They then used a standard algorithm for discovering clusters within networks of data to group the songs into 13 different types, which turned out to correspond with well known genres such as rap, rock, country and so on. Finally, they plotted the change in popularity of these musical types over time. The results show a clear decline in the popularity of jazz and blues since 1960. During the same period, rock-related music has ebbed and flowed in popularity. By contrast, rap was rare before 1980 before becoming the dominant musical style for 30 years until declining in the late 2000s. The work answers several important question about the evolution of pop music, such as whether music industry practices have led to a decline in the cultural variety of new music, and whether British bands such as The Beatles and The Rolling Stones triggered the 1964 American music revolution [spoiler: no in both cases].<p><div class=""share_submission"" style=""position:relative;""> <a class=""slashpop"" href=""http://twitter.com/home?status=Genetic+Data+Analysis+Tools+Reveal+How+US+Pop+Music+Evolved%3A+http%3A%2F%2Fbit.ly%2F1AWvedp""><img src=""http://a.fsdn.com/sd/twitter_icon_large.png""></a> <a class=""slashpop"" href=""http://www.facebook.com/sharer.php?u=http%3A%2F%2Fscience.slashdot.org%2Fstory%2F15%2F03%2F01%2F0024248%2Fgenetic-data-analysis-tools-reveal-how-us-pop-music-evolved%3Futm_source%3Dslashdot%26utm_medium%3Dfacebook""><img src=""http://a.fsdn.com/sd/facebook_icon_large.png""></a> <a class=""nobg"" href=""http://plus.google.com/share?url=http://science.slashdot.org/story/15/03/01/0024248/genetic-data-analysis-tools-reveal-how-us-pop-music-evolved?utm_source=slashdot&amp;utm_medium=googleplus"" onclick=""javascript:window.open(this.href,'', 'menubar=no,toolbar=no,resizable=yes,scrollbars=yes,height=600,width=600');return false;""><img src=""http://www.gstatic.com/images/icons/gplus-16.png"" alt=""Share on Google+""/></a> </div></p><p><a href=""http://science.slashdot.org/story/15/03/01/0024248/genetic-data-analysis-tools-reveal-how-us-pop-music-evolved?utm_source=rss1.0moreanon&amp;utm_medium=feed"">Read more of this story</a> at Slashdot.</p><iframe src=""http://slashdot.org/slashdot-it.pl?op=discuss&amp;id=7032233&amp;smallembed=1"" style=""height: 300px; width: 100%; border: none;""></iframe><img width='1' height='1' src='http://slashdot.feedsportal.com/c/35028/f/647410/s/43e81ea3/sc/4/mf.gif' border='0'/><br clear='all'/><br/><br/><a href=""http://da.feedsportal.com/r/222166663815/u/49/f/647410/c/35028/s/43e81ea3/sc/4/rc/1/rc.htm"" rel=""nofollow""><img src=""http://da.feedsportal.com/r/222166663815/u/49/f/647410/c/35028/s/43e81ea3/sc/4/rc/1/rc.img"" border=""0""/></a><br/><a href=""http://da.feedsportal.com/r/222166663815/u/49/f/647410/c/35028/s/43e81ea3/sc/4/rc/2/rc.htm"" rel=""nofollow""><img src=""http://da.feedsportal.com/r/222166663815/u/49/f/647410/c/35028/s/43e81ea3/sc/4/rc/2/rc.img"" border=""0""/></a><br/><a href=""http://da.feedsportal.com/r/222166663815/u/49/f/647410/c/35028/s/43e81ea3/sc/4/rc/3/rc.htm"" rel=""nofollow""><img src=""http://da.feedsportal.com/r/222166663815/u/49/f/647410/c/35028/s/43e81ea3/sc/4/rc/3/rc.img"" border=""0""/></a><br/><br/><a href=""http://da.feedsportal.com/r/222166663815/u/49/f/647410/c/35028/s/43e81ea3/sc/4/a2.htm""><img src=""http://da.feedsportal.com/r/222166663815/u/49/f/647410/c/35028/s/43e81ea3/sc/4/a2.img"" border=""0""/></a><img width=""1"" height=""1"" src=""http://pi.feedsportal.com/r/222166663815/u/49/f/647410/c/35028/s/43e81ea3/sc/4/a2t.img"" border=""0""/><img src=""//feeds.feedburner.com/~r/Slashdot/slashdot/~4/BN7iJgoZGOA"" height=""1"" width=""1"" alt=""""/>"
Google Taking Over New TLDs,http://rss.slashdot.org/~r/Slashdot/slashdot/~3/3wfTqGJqauQ/story01.htm,"bobo the hobo writes: In the corner of the internet where people care about DNS, there is a bit of an uproar at Google's application for over a hundred new top-level domains, including .dev, .lol, .app, .blog, .cloud and .search. Their application includes statements such as: ""By contrast, our application for the .blog TLD describes a new way of automatically linking new second level domains to blogs on our Blogger platform &ndash; this approach eliminates the need for any technical configuration on the part of the user and thus makes the domain name more user friendly."" They also mention limiting usage of .dev to Google only: ""Second-level domain names within the proposed gTLD are intended for registration and use by Google only, and domain names under the new gTLD will not be available to the general public for purchase, sale, or registration. As such, [Google's shell company] intends to apply for an exemption to the ICANN Registry Operator Code of Conduct as Google is intended to be the sole registrar and registrant.""<p><div class=""share_submission"" style=""position:relative;""> <a class=""slashpop"" href=""http://twitter.com/home?status=Google+Taking+Over+New+TLDs%3A+http%3A%2F%2Fbit.ly%2F17G1UOd""><img src=""http://a.fsdn.com/sd/twitter_icon_large.png""></a> <a class=""slashpop"" href=""http://www.facebook.com/sharer.php?u=http%3A%2F%2Ftech.slashdot.org%2Fstory%2F15%2F02%2F28%2F1333231%2Fgoogle-taking-over-new-tlds%3Futm_source%3Dslashdot%26utm_medium%3Dfacebook""><img src=""http://a.fsdn.com/sd/facebook_icon_large.png""></a> <a class=""nobg"" href=""http://plus.google.com/share?url=http://tech.slashdot.org/story/15/02/28/1333231/google-taking-over-new-tlds?utm_source=slashdot&amp;utm_medium=googleplus"" onclick=""javascript:window.open(this.href,'', 'menubar=no,toolbar=no,resizable=yes,scrollbars=yes,height=600,width=600');return false;""><img src=""http://www.gstatic.com/images/icons/gplus-16.png"" alt=""Share on Google+""/></a> </div></p><p><a href=""http://tech.slashdot.org/story/15/02/28/1333231/google-taking-over-new-tlds?utm_source=rss1.0moreanon&amp;utm_medium=feed"">Read more of this story</a> at Slashdot.</p><iframe src=""http://slashdot.org/slashdot-it.pl?op=discuss&amp;id=7030531&amp;smallembed=1"" style=""height: 300px; width: 100%; border: none;""></iframe><img width='1' height='1' src='http://slashdot.feedsportal.com/c/35028/f/647410/s/43e5cb94/sc/4/mf.gif' border='0'/><br clear='all'/><br/><br/><a href=""http://da.feedsportal.com/r/222166671173/u/49/f/647410/c/35028/s/43e5cb94/sc/4/rc/1/rc.htm"" rel=""nofollow""><img src=""http://da.feedsportal.com/r/222166671173/u/49/f/647410/c/35028/s/43e5cb94/sc/4/rc/1/rc.img"" border=""0""/></a><br/><a href=""http://da.feedsportal.com/r/222166671173/u/49/f/647410/c/35028/s/43e5cb94/sc/4/rc/2/rc.htm"" rel=""nofollow""><img src=""http://da.feedsportal.com/r/222166671173/u/49/f/647410/c/35028/s/43e5cb94/sc/4/rc/2/rc.img"" border=""0""/></a><br/><a href=""http://da.feedsportal.com/r/222166671173/u/49/f/647410/c/35028/s/43e5cb94/sc/4/rc/3/rc.htm"" rel=""nofollow""><img src=""http://da.feedsportal.com/r/222166671173/u/49/f/647410/c/35028/s/43e5cb94/sc/4/rc/3/rc.img"" border=""0""/></a><br/><br/><a href=""http://da.feedsportal.com/r/222166671173/u/49/f/647410/c/35028/s/43e5cb94/sc/4/a2.htm""><img src=""http://da.feedsportal.com/r/222166671173/u/49/f/647410/c/35028/s/43e5cb94/sc/4/a2.img"" border=""0""/></a><img width=""1"" height=""1"" src=""http://pi.feedsportal.com/r/222166671173/u/49/f/647410/c/35028/s/43e5cb94/sc/4/a2t.img"" border=""0""/><img src=""//feeds.feedburner.com/~r/Slashdot/slashdot/~4/3wfTqGJqauQ"" height=""1"" width=""1"" alt=""""/>"
Hunting Black Holes at the South Pole (Scientific American),http://news.feedzilla.com/en_us/stories/science/423174270?client_source=api&format=json,"Each of the telescopes that the astronomers of the Event Horizon Telescope
(EHT) are currently working to bring into their black-hole-observing, planet-
size array is a special case.


-- Read more on ScientificAmerican.com

"
Llamas on the Lam Become Social Media Stars (Discovery),http://news.feedzilla.com/en_us/stories/science/423143397?client_source=api&format=json,"A pair of sprightly llamas jigged their way to Internet stardom after they led
dozens of U.S. police on the streets of Phoenix.

"
Methane-Based Life Possible On Titan,http://rss.slashdot.org/~r/Slashdot/slashdot/~3/KXE0NtEuUEo/story01.htm,"Randym writes: With the simultaneous announcement of a possible nitrogen-based, cell-like structure allowing life outside the ""liquid water zone"" (but within a methane atmosphere) announced by researchers at Cornell (academic paper) and the mystery of fluctuating methane levels on Mars raising the possibility of methane-respiring life, there now exists the possibility of a whole new branch of the tree of life that does not rely on either carbon or oxygen for respiration. We may find evidence of such life here on Earth down in the mantle where ""traditional"" life cannot survive, but where bacteria has evolved to live off hydrocarbons like methane and benzene.<p><div class=""share_submission"" style=""position:relative;""> <a class=""slashpop"" href=""http://twitter.com/home?status=Methane-Based+Life+Possible+On+Titan%3A+http%3A%2F%2Fbit.ly%2F1JZpWVO""><img src=""http://a.fsdn.com/sd/twitter_icon_large.png""></a> <a class=""slashpop"" href=""http://www.facebook.com/sharer.php?u=http%3A%2F%2Fscience.slashdot.org%2Fstory%2F15%2F02%2F28%2F1323255%2Fmethane-based-life-possible-on-titan%3Futm_source%3Dslashdot%26utm_medium%3Dfacebook""><img src=""http://a.fsdn.com/sd/facebook_icon_large.png""></a> <a class=""nobg"" href=""http://plus.google.com/share?url=http://science.slashdot.org/story/15/02/28/1323255/methane-based-life-possible-on-titan?utm_source=slashdot&amp;utm_medium=googleplus"" onclick=""javascript:window.open(this.href,'', 'menubar=no,toolbar=no,resizable=yes,scrollbars=yes,height=600,width=600');return false;""><img src=""http://www.gstatic.com/images/icons/gplus-16.png"" alt=""Share on Google+""/></a> </div></p><p><a href=""http://science.slashdot.org/story/15/02/28/1323255/methane-based-life-possible-on-titan?utm_source=rss1.0moreanon&amp;utm_medium=feed"">Read more of this story</a> at Slashdot.</p><iframe src=""http://slashdot.org/slashdot-it.pl?op=discuss&amp;id=7030501&amp;smallembed=1"" style=""height: 300px; width: 100%; border: none;""></iframe><img width='1' height='1' src='http://slashdot.feedsportal.com/c/35028/f/647410/s/43e57d80/sc/21/mf.gif' border='0'/><br clear='all'/><br/><br/><a href=""http://da.feedsportal.com/r/222166650175/u/49/f/647410/c/35028/s/43e57d80/sc/21/rc/1/rc.htm"" rel=""nofollow""><img src=""http://da.feedsportal.com/r/222166650175/u/49/f/647410/c/35028/s/43e57d80/sc/21/rc/1/rc.img"" border=""0""/></a><br/><a href=""http://da.feedsportal.com/r/222166650175/u/49/f/647410/c/35028/s/43e57d80/sc/21/rc/2/rc.htm"" rel=""nofollow""><img src=""http://da.feedsportal.com/r/222166650175/u/49/f/647410/c/35028/s/43e57d80/sc/21/rc/2/rc.img"" border=""0""/></a><br/><a href=""http://da.feedsportal.com/r/222166650175/u/49/f/647410/c/35028/s/43e57d80/sc/21/rc/3/rc.htm"" rel=""nofollow""><img src=""http://da.feedsportal.com/r/222166650175/u/49/f/647410/c/35028/s/43e57d80/sc/21/rc/3/rc.img"" border=""0""/></a><br/><br/><a href=""http://da.feedsportal.com/r/222166650175/u/49/f/647410/c/35028/s/43e57d80/sc/21/a2.htm""><img src=""http://da.feedsportal.com/r/222166650175/u/49/f/647410/c/35028/s/43e57d80/sc/21/a2.img"" border=""0""/></a><img width=""1"" height=""1"" src=""http://pi.feedsportal.com/r/222166650175/u/49/f/647410/c/35028/s/43e57d80/sc/21/a2t.img"" border=""0""/><img src=""//feeds.feedburner.com/~r/Slashdot/slashdot/~4/KXE0NtEuUEo"" height=""1"" width=""1"" alt=""""/>"
Myanmar captures 9th rare white elephant (The Arizona Republic),http://news.feedzilla.com/en_us/stories/science/423371689?client_source=api&format=json,"YANGON, Myanmar (AP) -- Myanmar says it has found a rare, white elephant in
the jungles of the western Ayeyarwaddy region....

"
Mysterious Siberian Crater Is Just One of Many,http://rss.slashdot.org/~r/Slashdot/slashdot/~3/Gm0zHpz-pd4/story01.htm,"New submitter Sardaukar86 sends this excerpt from a Washington Post report: In the middle of last summer came news of a bizarre occurrence no one could explain. Seemingly out of nowhere, a massive crater appeared in one of the planet's most inhospitable lands. Early estimates said the crater, nestled in a land called ""the ends of the Earth"" where temperatures can sink far below zero, yawned nearly 100 feet in diameter. The saga deepened. The Siberian crater wasn't alone. There were two more, ratcheting up the tension in a drama that hit its climax as a probable explanation surfaced. Global warming had thawed the permafrost, which had caused methane trapped inside the icy ground to explode. Now, however, researchers fear there are more craters than anyone knew &mdash; and the repercussions could be huge. Russian scientists have now spotted a total of seven craters, five of which are in the Yamal Peninsula. Two of those holes have since turned into lakes. And one giant crater is rimmed by a ring of at least 20 mini-craters, the Siberian Times reported.<p><div class=""share_submission"" style=""position:relative;""> <a class=""slashpop"" href=""http://twitter.com/home?status=Mysterious+Siberian+Crater+Is+Just+One+of+Many%3A+http%3A%2F%2Fbit.ly%2F1DDTtyi""><img src=""http://a.fsdn.com/sd/twitter_icon_large.png""></a> <a class=""slashpop"" href=""http://www.facebook.com/sharer.php?u=http%3A%2F%2Fscience.slashdot.org%2Fstory%2F15%2F02%2F28%2F177241%2Fmysterious-siberian-crater-is-just-one-of-many%3Futm_source%3Dslashdot%26utm_medium%3Dfacebook""><img src=""http://a.fsdn.com/sd/facebook_icon_large.png""></a> <a class=""nobg"" href=""http://plus.google.com/share?url=http://science.slashdot.org/story/15/02/28/177241/mysterious-siberian-crater-is-just-one-of-many?utm_source=slashdot&amp;utm_medium=googleplus"" onclick=""javascript:window.open(this.href,'', 'menubar=no,toolbar=no,resizable=yes,scrollbars=yes,height=600,width=600');return false;""><img src=""http://www.gstatic.com/images/icons/gplus-16.png"" alt=""Share on Google+""/></a> </div></p><p><a href=""http://science.slashdot.org/story/15/02/28/177241/mysterious-siberian-crater-is-just-one-of-many?utm_source=rss1.0moreanon&amp;utm_medium=feed"">Read more of this story</a> at Slashdot.</p><iframe src=""http://slashdot.org/slashdot-it.pl?op=discuss&amp;id=7031201&amp;smallembed=1"" style=""height: 300px; width: 100%; border: none;""></iframe><img width='1' height='1' src='http://slashdot.feedsportal.com/c/35028/f/647410/s/43e664e9/sc/10/mf.gif' border='0'/><br clear='all'/><br/><br/><a href=""http://da.feedsportal.com/r/222166673368/u/49/f/647410/c/35028/s/43e664e9/sc/10/rc/1/rc.htm"" rel=""nofollow""><img src=""http://da.feedsportal.com/r/222166673368/u/49/f/647410/c/35028/s/43e664e9/sc/10/rc/1/rc.img"" border=""0""/></a><br/><a href=""http://da.feedsportal.com/r/222166673368/u/49/f/647410/c/35028/s/43e664e9/sc/10/rc/2/rc.htm"" rel=""nofollow""><img src=""http://da.feedsportal.com/r/222166673368/u/49/f/647410/c/35028/s/43e664e9/sc/10/rc/2/rc.img"" border=""0""/></a><br/><a href=""http://da.feedsportal.com/r/222166673368/u/49/f/647410/c/35028/s/43e664e9/sc/10/rc/3/rc.htm"" rel=""nofollow""><img src=""http://da.feedsportal.com/r/222166673368/u/49/f/647410/c/35028/s/43e664e9/sc/10/rc/3/rc.img"" border=""0""/></a><br/><br/><a href=""http://da.feedsportal.com/r/222166673368/u/49/f/647410/c/35028/s/43e664e9/sc/10/a2.htm""><img src=""http://da.feedsportal.com/r/222166673368/u/49/f/647410/c/35028/s/43e664e9/sc/10/a2.img"" border=""0""/></a><img width=""1"" height=""1"" src=""http://pi.feedsportal.com/r/222166673368/u/49/f/647410/c/35028/s/43e664e9/sc/10/a2t.img"" border=""0""/><img src=""//feeds.feedburner.com/~r/Slashdot/slashdot/~4/Gm0zHpz-pd4"" height=""1"" width=""1"" alt=""""/>"
NSA Spying Wins Another Rubber Stamp,http://rss.slashdot.org/~r/Slashdot/slashdot/~3/ni9-RUX-GTI/story01.htm,"schwit1 sends this report from the National Journal: A federal court has again renewed an order allowing the National Security Agency to continue its bulk collection of Americans' phone records, a decision that comes more than a year after President Obama pledged to end the controversial program. The Foreign Intelligence Surveillance Court approved this week a government request to keep the NSA's mass surveillance of U.S. phone metadata operating until June 1, coinciding with when the legal authority for the program is set to expire in Congress. The extension is the fifth of its kind since Obama said he would effectively end the Snowden-exposed program as it currently exists during a major policy speech in January 2014. Obama and senior administration officials have repeatedly insisted that they will not act alone to end the program without Congress.<p><div class=""share_submission"" style=""position:relative;""> <a class=""slashpop"" href=""http://twitter.com/home?status=NSA+Spying+Wins+Another+Rubber+Stamp%3A+http%3A%2F%2Fbit.ly%2F1LW1dPT""><img src=""http://a.fsdn.com/sd/twitter_icon_large.png""></a> <a class=""slashpop"" href=""http://www.facebook.com/sharer.php?u=http%3A%2F%2Fyro.slashdot.org%2Fstory%2F15%2F02%2F28%2F1316203%2Fnsa-spying-wins-another-rubber-stamp%3Futm_source%3Dslashdot%26utm_medium%3Dfacebook""><img src=""http://a.fsdn.com/sd/facebook_icon_large.png""></a> <a class=""nobg"" href=""http://plus.google.com/share?url=http://yro.slashdot.org/story/15/02/28/1316203/nsa-spying-wins-another-rubber-stamp?utm_source=slashdot&amp;utm_medium=googleplus"" onclick=""javascript:window.open(this.href,'', 'menubar=no,toolbar=no,resizable=yes,scrollbars=yes,height=600,width=600');return false;""><img src=""http://www.gstatic.com/images/icons/gplus-16.png"" alt=""Share on Google+""/></a> </div></p><p><a href=""http://yro.slashdot.org/story/15/02/28/1316203/nsa-spying-wins-another-rubber-stamp?utm_source=rss1.0moreanon&amp;utm_medium=feed"">Read more of this story</a> at Slashdot.</p><iframe src=""http://slashdot.org/slashdot-it.pl?op=discuss&amp;id=7030481&amp;smallembed=1"" style=""height: 300px; width: 100%; border: none;""></iframe><img width='1' height='1' src='http://slashdot.feedsportal.com/c/35028/f/647410/s/43e536f6/sc/7/mf.gif' border='0'/><br clear='all'/><br/><br/><a href=""http://da.feedsportal.com/r/222166669726/u/49/f/647410/c/35028/s/43e536f6/sc/7/rc/1/rc.htm"" rel=""nofollow""><img src=""http://da.feedsportal.com/r/222166669726/u/49/f/647410/c/35028/s/43e536f6/sc/7/rc/1/rc.img"" border=""0""/></a><br/><a href=""http://da.feedsportal.com/r/222166669726/u/49/f/647410/c/35028/s/43e536f6/sc/7/rc/2/rc.htm"" rel=""nofollow""><img src=""http://da.feedsportal.com/r/222166669726/u/49/f/647410/c/35028/s/43e536f6/sc/7/rc/2/rc.img"" border=""0""/></a><br/><a href=""http://da.feedsportal.com/r/222166669726/u/49/f/647410/c/35028/s/43e536f6/sc/7/rc/3/rc.htm"" rel=""nofollow""><img src=""http://da.feedsportal.com/r/222166669726/u/49/f/647410/c/35028/s/43e536f6/sc/7/rc/3/rc.img"" border=""0""/></a><br/><br/><a href=""http://da.feedsportal.com/r/222166669726/u/49/f/647410/c/35028/s/43e536f6/sc/7/a2.htm""><img src=""http://da.feedsportal.com/r/222166669726/u/49/f/647410/c/35028/s/43e536f6/sc/7/a2.img"" border=""0""/></a><img width=""1"" height=""1"" src=""http://pi.feedsportal.com/r/222166669726/u/49/f/647410/c/35028/s/43e536f6/sc/7/a2t.img"" border=""0""/><img src=""//feeds.feedburner.com/~r/Slashdot/slashdot/~4/ni9-RUX-GTI"" height=""1"" width=""1"" alt=""""/>"
One Astronomer's Quest To Reinstate Pluto As a Planet,http://rss.slashdot.org/~r/Slashdot/slashdot/~3/JjsYjvbLDgQ/story01.htm,"sarahnaomi writes: Most of us grew up believing that tiny, distant Pluto was the outermost planet in our solar system. Then, one day, the scientific powers that be decreed that it wasn't. But it seems the matter is far from settled. David Weintraub&mdash;who describes Pluto's exile as a stunt organized by a ""very small clique of Pluto-haters""&mdash;would have the dwarf world rejoin the ranks of our Solar System's fully-fledged planets today. But solid evidence that Pluto deserves the title may come in July, when NASA's New Horizons spacecraft slingshots around the icy rock and sends us back a detailed picture of its composition. Pluto's planethood was revoked by majority vote on the final day of the 2006 IAU conference. Over 2,500 astronomers attended the meeting throughout the week, but only 394 votes ultimately decided Pluto's fate: 237 in favor of demoting the planet and 157 against.<p><div class=""share_submission"" style=""position:relative;""> <a class=""slashpop"" href=""http://twitter.com/home?status=One+Astronomer's+Quest+To+Reinstate+Pluto+As+a+Planet%3A+http%3A%2F%2Fbit.ly%2F1K0AK6a""><img src=""http://a.fsdn.com/sd/twitter_icon_large.png""></a> <a class=""slashpop"" href=""http://www.facebook.com/sharer.php?u=http%3A%2F%2Fscience.slashdot.org%2Fstory%2F15%2F02%2F28%2F192241%2Fone-astronomers-quest-to-reinstate-pluto-as-a-planet%3Futm_source%3Dslashdot%26utm_medium%3Dfacebook""><img src=""http://a.fsdn.com/sd/facebook_icon_large.png""></a> <a class=""nobg"" href=""http://plus.google.com/share?url=http://science.slashdot.org/story/15/02/28/192241/one-astronomers-quest-to-reinstate-pluto-as-a-planet?utm_source=slashdot&amp;utm_medium=googleplus"" onclick=""javascript:window.open(this.href,'', 'menubar=no,toolbar=no,resizable=yes,scrollbars=yes,height=600,width=600');return false;""><img src=""http://www.gstatic.com/images/icons/gplus-16.png"" alt=""Share on Google+""/></a> </div></p><p><a href=""http://science.slashdot.org/story/15/02/28/192241/one-astronomers-quest-to-reinstate-pluto-as-a-planet?utm_source=rss1.0moreanon&amp;utm_medium=feed"">Read more of this story</a> at Slashdot.</p><iframe src=""http://slashdot.org/slashdot-it.pl?op=discuss&amp;id=7031661&amp;smallembed=1"" style=""height: 300px; width: 100%; border: none;""></iframe><img width='1' height='1' src='http://slashdot.feedsportal.com/c/35028/f/647410/s/43e6a55b/sc/10/mf.gif' border='0'/><br clear='all'/><br/><br/><a href=""http://da.feedsportal.com/r/222166655550/u/49/f/647410/c/35028/s/43e6a55b/sc/10/rc/1/rc.htm"" rel=""nofollow""><img src=""http://da.feedsportal.com/r/222166655550/u/49/f/647410/c/35028/s/43e6a55b/sc/10/rc/1/rc.img"" border=""0""/></a><br/><a href=""http://da.feedsportal.com/r/222166655550/u/49/f/647410/c/35028/s/43e6a55b/sc/10/rc/2/rc.htm"" rel=""nofollow""><img src=""http://da.feedsportal.com/r/222166655550/u/49/f/647410/c/35028/s/43e6a55b/sc/10/rc/2/rc.img"" border=""0""/></a><br/><a href=""http://da.feedsportal.com/r/222166655550/u/49/f/647410/c/35028/s/43e6a55b/sc/10/rc/3/rc.htm"" rel=""nofollow""><img src=""http://da.feedsportal.com/r/222166655550/u/49/f/647410/c/35028/s/43e6a55b/sc/10/rc/3/rc.img"" border=""0""/></a><br/><br/><a href=""http://da.feedsportal.com/r/222166655550/u/49/f/647410/c/35028/s/43e6a55b/sc/10/a2.htm""><img src=""http://da.feedsportal.com/r/222166655550/u/49/f/647410/c/35028/s/43e6a55b/sc/10/a2.img"" border=""0""/></a><img width=""1"" height=""1"" src=""http://pi.feedsportal.com/r/222166655550/u/49/f/647410/c/35028/s/43e6a55b/sc/10/a2t.img"" border=""0""/><img src=""//feeds.feedburner.com/~r/Slashdot/slashdot/~4/JjsYjvbLDgQ"" height=""1"" width=""1"" alt=""""/>"
Oracle Sues 5 Oregon Officials For 'Improper Influence',http://rss.slashdot.org/~r/Slashdot/slashdot/~3/_xCgq6Zfbs4/story01.htm,"SpzToid writes: Following up on an earlier Slashdot story, the Oracle Corporation has filed a rather timely suit against five of former governor John Kitzhaber's staff for their ""improper influence"" in the decision to shutter the Cover Oregon healthcare website, while blaming Oracle to defuse the political consequences. Oracle argues the website was ready to go before the state decided to switch to the federal exchange in April. ""The work on the exchange was complete by February 2014, but going live with the website and providing a means for all Oregonians to sign up for health insurance coverage didn't match the former-Governor's re-election strategy to 'go after' Oracle,"" Oracle spokeswoman Deborah Hellinger said in a statement. Kitzhaber resigned last week amid criminal probes into an influence-peddling scandal involving allegations that his fianc&#233;e used her position in his office for personal gain.<p><div class=""share_submission"" style=""position:relative;""> <a class=""slashpop"" href=""http://twitter.com/home?status=Oracle+Sues+5+Oregon+Officials+For+'Improper+Influence'%3A+http%3A%2F%2Fbit.ly%2F1wyq5Kb""><img src=""http://a.fsdn.com/sd/twitter_icon_large.png""></a> <a class=""slashpop"" href=""http://www.facebook.com/sharer.php?u=http%3A%2F%2Fdevelopers.slashdot.org%2Fstory%2F15%2F02%2F28%2F2125217%2Foracle-sues-5-oregon-officials-for-improper-influence%3Futm_source%3Dslashdot%26utm_medium%3Dfacebook""><img src=""http://a.fsdn.com/sd/facebook_icon_large.png""></a> <a class=""nobg"" href=""http://plus.google.com/share?url=http://developers.slashdot.org/story/15/02/28/2125217/oracle-sues-5-oregon-officials-for-improper-influence?utm_source=slashdot&amp;utm_medium=googleplus"" onclick=""javascript:window.open(this.href,'', 'menubar=no,toolbar=no,resizable=yes,scrollbars=yes,height=600,width=600');return false;""><img src=""http://www.gstatic.com/images/icons/gplus-16.png"" alt=""Share on Google+""/></a> </div></p><p><a href=""http://developers.slashdot.org/story/15/02/28/2125217/oracle-sues-5-oregon-officials-for-improper-influence?utm_source=rss1.0moreanon&amp;utm_medium=feed"">Read more of this story</a> at Slashdot.</p><iframe src=""http://slashdot.org/slashdot-it.pl?op=discuss&amp;id=7032003&amp;smallembed=1"" style=""height: 300px; width: 100%; border: none;""></iframe><img width='1' height='1' src='http://slashdot.feedsportal.com/c/35028/f/647410/s/43e6e8a9/sc/8/mf.gif' border='0'/><br clear='all'/><br/><br/><a href=""http://da.feedsportal.com/r/222166652710/u/49/f/647410/c/35028/s/43e6e8a9/sc/8/rc/1/rc.htm"" rel=""nofollow""><img src=""http://da.feedsportal.com/r/222166652710/u/49/f/647410/c/35028/s/43e6e8a9/sc/8/rc/1/rc.img"" border=""0""/></a><br/><a href=""http://da.feedsportal.com/r/222166652710/u/49/f/647410/c/35028/s/43e6e8a9/sc/8/rc/2/rc.htm"" rel=""nofollow""><img src=""http://da.feedsportal.com/r/222166652710/u/49/f/647410/c/35028/s/43e6e8a9/sc/8/rc/2/rc.img"" border=""0""/></a><br/><a href=""http://da.feedsportal.com/r/222166652710/u/49/f/647410/c/35028/s/43e6e8a9/sc/8/rc/3/rc.htm"" rel=""nofollow""><img src=""http://da.feedsportal.com/r/222166652710/u/49/f/647410/c/35028/s/43e6e8a9/sc/8/rc/3/rc.img"" border=""0""/></a><br/><br/><a href=""http://da.feedsportal.com/r/222166652710/u/49/f/647410/c/35028/s/43e6e8a9/sc/8/a2.htm""><img src=""http://da.feedsportal.com/r/222166652710/u/49/f/647410/c/35028/s/43e6e8a9/sc/8/a2.img"" border=""0""/></a><img width=""1"" height=""1"" src=""http://pi.feedsportal.com/r/222166652710/u/49/f/647410/c/35028/s/43e6e8a9/sc/8/a2t.img"" border=""0""/><img src=""//feeds.feedburner.com/~r/Slashdot/slashdot/~4/_xCgq6Zfbs4"" height=""1"" width=""1"" alt=""""/>"
Pharming Attack Targets Home Router DNS Settings,http://rss.slashdot.org/~r/Slashdot/slashdot/~3/joIyVeAyoZQ/story01.htm,"msm1267 (2804139) writes Pharming attacks are generally network-based intrusions where the ultimate goal is to redirect a victim's web traffic to a hacker-controlled webserver, usually through a malicious modification of DNS settings. Some of these attacks, however, are starting to move to the web and have their beginnings with a spam or phishing email. Proofpoint reported on the latest iteration of this attack, based in Brazil. The campaign was carried out during a five-week period starting in December when Proofpoint spotted phishing messages, fewer than 100, sent to customers of one of the country's largest telecommunications companies.<p><div class=""share_submission"" style=""position:relative;""> <a class=""slashpop"" href=""http://twitter.com/home?status=Pharming+Attack+Targets+Home+Router+DNS+Settings%3A+http%3A%2F%2Fbit.ly%2F18Bc0kp""><img src=""http://a.fsdn.com/sd/twitter_icon_large.png""></a> <a class=""slashpop"" href=""http://www.facebook.com/sharer.php?u=http%3A%2F%2Fit.slashdot.org%2Fstory%2F15%2F03%2F01%2F1538231%2Fpharming-attack-targets-home-router-dns-settings%3Futm_source%3Dslashdot%26utm_medium%3Dfacebook""><img src=""http://a.fsdn.com/sd/facebook_icon_large.png""></a> <a class=""nobg"" href=""http://plus.google.com/share?url=http://it.slashdot.org/story/15/03/01/1538231/pharming-attack-targets-home-router-dns-settings?utm_source=slashdot&amp;utm_medium=googleplus"" onclick=""javascript:window.open(this.href,'', 'menubar=no,toolbar=no,resizable=yes,scrollbars=yes,height=600,width=600');return false;""><img src=""http://www.gstatic.com/images/icons/gplus-16.png"" alt=""Share on Google+""/></a> </div></p><p><a href=""http://it.slashdot.org/story/15/03/01/1538231/pharming-attack-targets-home-router-dns-settings?utm_source=rss1.0moreanon&amp;utm_medium=feed"">Read more of this story</a> at Slashdot.</p><iframe src=""http://slashdot.org/slashdot-it.pl?op=discuss&amp;id=7035177&amp;smallembed=1"" style=""height: 300px; width: 100%; border: none;""></iframe><img width='1' height='1' src='http://slashdot.feedsportal.com/c/35028/f/647410/s/43eb36a5/sc/4/mf.gif' border='0'/><br clear='all'/><br/><br/><a href=""http://da.feedsportal.com/r/222166702255/u/49/f/647410/c/35028/s/43eb36a5/sc/4/rc/1/rc.htm"" rel=""nofollow""><img src=""http://da.feedsportal.com/r/222166702255/u/49/f/647410/c/35028/s/43eb36a5/sc/4/rc/1/rc.img"" border=""0""/></a><br/><a href=""http://da.feedsportal.com/r/222166702255/u/49/f/647410/c/35028/s/43eb36a5/sc/4/rc/2/rc.htm"" rel=""nofollow""><img src=""http://da.feedsportal.com/r/222166702255/u/49/f/647410/c/35028/s/43eb36a5/sc/4/rc/2/rc.img"" border=""0""/></a><br/><a href=""http://da.feedsportal.com/r/222166702255/u/49/f/647410/c/35028/s/43eb36a5/sc/4/rc/3/rc.htm"" rel=""nofollow""><img src=""http://da.feedsportal.com/r/222166702255/u/49/f/647410/c/35028/s/43eb36a5/sc/4/rc/3/rc.img"" border=""0""/></a><br/><br/><a href=""http://da.feedsportal.com/r/222166702255/u/49/f/647410/c/35028/s/43eb36a5/sc/4/a2.htm""><img src=""http://da.feedsportal.com/r/222166702255/u/49/f/647410/c/35028/s/43eb36a5/sc/4/a2.img"" border=""0""/></a><img width=""1"" height=""1"" src=""http://pi.feedsportal.com/r/222166702255/u/49/f/647410/c/35028/s/43eb36a5/sc/4/a2t.img"" border=""0""/><img src=""//feeds.feedburner.com/~r/Slashdot/slashdot/~4/joIyVeAyoZQ"" height=""1"" width=""1"" alt=""""/>"
Physicists May Be One Step Closer To Explaining High-Temp Superconductivity,http://rss.slashdot.org/~r/Slashdot/slashdot/~3/2mC4B82ng-Y/story01.htm,"sciencehabit writes For years some physicists have been hoping to crack the mystery of high-temperature superconductivity&mdash;the ability of some complex materials to carry electricity without resistance at temperatures high above absolute zero&mdash;by simulating crystals with patterns of laser light and individual atoms. Now, a team has taken&mdash;almost&mdash;the next-to-last step in such 'optical lattice' simulation by reproducing the pattern of magnetism seen in high-temperature superconductors from which the resistance-free flow of electricity emerges.<p><div class=""share_submission"" style=""position:relative;""> <a class=""slashpop"" href=""http://twitter.com/home?status=Physicists+May+Be+One+Step+Closer+To+Explaining+High-Temp+Superconductivity%3A+http%3A%2F%2Fbit.ly%2F1AY3lSp""><img src=""http://a.fsdn.com/sd/twitter_icon_large.png""></a> <a class=""slashpop"" href=""http://www.facebook.com/sharer.php?u=http%3A%2F%2Ftech.slashdot.org%2Fstory%2F15%2F03%2F01%2F1544223%2Fphysicists-may-be-one-step-closer-to-explaining-high-temp-superconductivity%3Futm_source%3Dslashdot%26utm_medium%3Dfacebook""><img src=""http://a.fsdn.com/sd/facebook_icon_large.png""></a> <a class=""nobg"" href=""http://plus.google.com/share?url=http://tech.slashdot.org/story/15/03/01/1544223/physicists-may-be-one-step-closer-to-explaining-high-temp-superconductivity?utm_source=slashdot&amp;utm_medium=googleplus"" onclick=""javascript:window.open(this.href,'', 'menubar=no,toolbar=no,resizable=yes,scrollbars=yes,height=600,width=600');return false;""><img src=""http://www.gstatic.com/images/icons/gplus-16.png"" alt=""Share on Google+""/></a> </div></p><p><a href=""http://tech.slashdot.org/story/15/03/01/1544223/physicists-may-be-one-step-closer-to-explaining-high-temp-superconductivity?utm_source=rss1.0moreanon&amp;utm_medium=feed"">Read more of this story</a> at Slashdot.</p><iframe src=""http://slashdot.org/slashdot-it.pl?op=discuss&amp;id=7035185&amp;smallembed=1"" style=""height: 300px; width: 100%; border: none;""></iframe><img width='1' height='1' src='http://slashdot.feedsportal.com/c/35028/f/647410/s/43eb5376/sc/4/mf.gif' border='0'/><br clear='all'/><br/><br/><a href=""http://da.feedsportal.com/r/222166697911/u/49/f/647410/c/35028/s/43eb5376/sc/4/rc/1/rc.htm"" rel=""nofollow""><img src=""http://da.feedsportal.com/r/222166697911/u/49/f/647410/c/35028/s/43eb5376/sc/4/rc/1/rc.img"" border=""0""/></a><br/><a href=""http://da.feedsportal.com/r/222166697911/u/49/f/647410/c/35028/s/43eb5376/sc/4/rc/2/rc.htm"" rel=""nofollow""><img src=""http://da.feedsportal.com/r/222166697911/u/49/f/647410/c/35028/s/43eb5376/sc/4/rc/2/rc.img"" border=""0""/></a><br/><a href=""http://da.feedsportal.com/r/222166697911/u/49/f/647410/c/35028/s/43eb5376/sc/4/rc/3/rc.htm"" rel=""nofollow""><img src=""http://da.feedsportal.com/r/222166697911/u/49/f/647410/c/35028/s/43eb5376/sc/4/rc/3/rc.img"" border=""0""/></a><br/><br/><a href=""http://da.feedsportal.com/r/222166697911/u/49/f/647410/c/35028/s/43eb5376/sc/4/a2.htm""><img src=""http://da.feedsportal.com/r/222166697911/u/49/f/647410/c/35028/s/43eb5376/sc/4/a2.img"" border=""0""/></a><img width=""1"" height=""1"" src=""http://pi.feedsportal.com/r/222166697911/u/49/f/647410/c/35028/s/43eb5376/sc/4/a2t.img"" border=""0""/><img src=""//feeds.feedburner.com/~r/Slashdot/slashdot/~4/2mC4B82ng-Y"" height=""1"" width=""1"" alt=""""/>"
Research Suggests That Saunas Help You Live Longer,http://rss.slashdot.org/~r/Slashdot/slashdot/~3/N6DE1UBgbCE/story01.htm,"jones_supa writes A study of Finnish men suggests that frequent sauna baths may help you live longer. Previous research has suggested that saunas might improve blood vessel function and exercise capacity, or even lower blood pressure in patients with hypertension. The new study links long, hot sauna baths with more benefits, including fewer deaths from heart attacks, strokes, various heart-related conditions and other causes. The study tracked 2315 Finnish men for nearly 20 years on average. Most participants used saunas at least once weekly. Those who used them four to seven times weekly received the greatest benefits. The study published in JAMA Internal Medicine wraps up by saying that further studies are warranted to establish the potential mechanism that links sauna bathing and the aforementioned cardiovascular benefits.<p><div class=""share_submission"" style=""position:relative;""> <a class=""slashpop"" href=""http://twitter.com/home?status=Research+Suggests+That+Saunas+Help+You+Live+Longer%3A+http%3A%2F%2Fbit.ly%2F1EY7feH""><img src=""http://a.fsdn.com/sd/twitter_icon_large.png""></a> <a class=""slashpop"" href=""http://www.facebook.com/sharer.php?u=http%3A%2F%2Fscience.slashdot.org%2Fstory%2F15%2F03%2F01%2F1323222%2Fresearch-suggests-that-saunas-help-you-live-longer%3Futm_source%3Dslashdot%26utm_medium%3Dfacebook""><img src=""http://a.fsdn.com/sd/facebook_icon_large.png""></a> <a class=""nobg"" href=""http://plus.google.com/share?url=http://science.slashdot.org/story/15/03/01/1323222/research-suggests-that-saunas-help-you-live-longer?utm_source=slashdot&amp;utm_medium=googleplus"" onclick=""javascript:window.open(this.href,'', 'menubar=no,toolbar=no,resizable=yes,scrollbars=yes,height=600,width=600');return false;""><img src=""http://www.gstatic.com/images/icons/gplus-16.png"" alt=""Share on Google+""/></a> </div></p><p><a href=""http://science.slashdot.org/story/15/03/01/1323222/research-suggests-that-saunas-help-you-live-longer?utm_source=rss1.0moreanon&amp;utm_medium=feed"">Read more of this story</a> at Slashdot.</p><iframe src=""http://slashdot.org/slashdot-it.pl?op=discuss&amp;id=7034883&amp;smallembed=1"" style=""height: 300px; width: 100%; border: none;""></iframe><img width='1' height='1' src='http://slashdot.feedsportal.com/c/35028/f/647410/s/43eadeb4/sc/14/mf.gif' border='0'/><br clear='all'/><br/><br/><a href=""http://da.feedsportal.com/r/222166695429/u/49/f/647410/c/35028/s/43eadeb4/sc/14/rc/1/rc.htm"" rel=""nofollow""><img src=""http://da.feedsportal.com/r/222166695429/u/49/f/647410/c/35028/s/43eadeb4/sc/14/rc/1/rc.img"" border=""0""/></a><br/><a href=""http://da.feedsportal.com/r/222166695429/u/49/f/647410/c/35028/s/43eadeb4/sc/14/rc/2/rc.htm"" rel=""nofollow""><img src=""http://da.feedsportal.com/r/222166695429/u/49/f/647410/c/35028/s/43eadeb4/sc/14/rc/2/rc.img"" border=""0""/></a><br/><a href=""http://da.feedsportal.com/r/222166695429/u/49/f/647410/c/35028/s/43eadeb4/sc/14/rc/3/rc.htm"" rel=""nofollow""><img src=""http://da.feedsportal.com/r/222166695429/u/49/f/647410/c/35028/s/43eadeb4/sc/14/rc/3/rc.img"" border=""0""/></a><br/><br/><a href=""http://da.feedsportal.com/r/222166695429/u/49/f/647410/c/35028/s/43eadeb4/sc/14/a2.htm""><img src=""http://da.feedsportal.com/r/222166695429/u/49/f/647410/c/35028/s/43eadeb4/sc/14/a2.img"" border=""0""/></a><img width=""1"" height=""1"" src=""http://pi.feedsportal.com/r/222166695429/u/49/f/647410/c/35028/s/43eadeb4/sc/14/a2t.img"" border=""0""/><img src=""//feeds.feedburner.com/~r/Slashdot/slashdot/~4/N6DE1UBgbCE"" height=""1"" width=""1"" alt=""""/>"
Snoozing seal hitches a ride on surf ski (APN),http://news.feedzilla.com/en_us/stories/science/423308470?client_source=api&format=json,"The last thing Auckland paddler Jackie Dring expected on her afternoon paddle
across Auckland's Rangitoto Channel was to pick up a passenger.But that's
exactly what happened when a seal jumped aboard her surf ski and settled in...

"
"The White and Gold (No, Blue and Black!) Dress That Melted the Internet (NY Times)",http://news.feedzilla.com/en_us/stories/science/423258959?client_source=api&format=json,"White and gold, or blue and black? The debate over the colors of a dress set
off a social media conflagration that few were able to resist.

"
"This Alien Might Exist on One of Saturn’s Moons, Scientists Say (TIME)",http://news.feedzilla.com/en_us/stories/science/423334863?client_source=api&format=json,"A methane-based ""azotosome"" could theoretically exist on Titan

"
US Quarantine for Ebola Health Workers ‘Morally Wrong’ (bioethicscom),http://news.feedzilla.com/en_us/stories/science/423154869?client_source=api&format=json,"(The Guardian) - Quarantine restrictions imposed in the US on healthcare
workers returning from saving lives in the Ebola epidemic in west Africa were
morally wrong and counterproductive, according to Barack Obama’s bioethics
commission. A comprehensive report on the US … Read More

"
"Uber Discloses Database Breach, Targets GitHub With Subpoena",http://rss.slashdot.org/~r/Slashdot/slashdot/~3/XHeQkyVvbXQ/story01.htm,"New submitter SwampApe tips news that Uber has revealed a database breach from 2014. The company says the database contained names and diver's license numbers of their drivers, about 50,000 of which were accessed by an unauthorized third party. As part of their investigation into who was behind the breach, Uber has filed a lawsuit which includes a subpoena request for GitHub. ""Uber's security team knows the public IP address used by the database invader, and wants to link that number against the IP addresses and usernames of anyone who looked at the GitHub-hosted gist in question &ndash; ID 9556255 &ndash; which we note today no longer exists. It's possible the gist contained a leaked login key, or internal source code that contained a key that should not have been made public.""<p><div class=""share_submission"" style=""position:relative;""> <a class=""slashpop"" href=""http://twitter.com/home?status=Uber+Discloses+Database+Breach%2C+Targets+GitHub+With+Subpoena%3A+http%3A%2F%2Fbit.ly%2F1LYvCvd""><img src=""http://a.fsdn.com/sd/twitter_icon_large.png""></a> <a class=""slashpop"" href=""http://www.facebook.com/sharer.php?u=http%3A%2F%2Fyro.slashdot.org%2Fstory%2F15%2F02%2F28%2F2248256%2Fuber-discloses-database-breach-targets-github-with-subpoena%3Futm_source%3Dslashdot%26utm_medium%3Dfacebook""><img src=""http://a.fsdn.com/sd/facebook_icon_large.png""></a> <a class=""nobg"" href=""http://plus.google.com/share?url=http://yro.slashdot.org/story/15/02/28/2248256/uber-discloses-database-breach-targets-github-with-subpoena?utm_source=slashdot&amp;utm_medium=googleplus"" onclick=""javascript:window.open(this.href,'', 'menubar=no,toolbar=no,resizable=yes,scrollbars=yes,height=600,width=600');return false;""><img src=""http://www.gstatic.com/images/icons/gplus-16.png"" alt=""Share on Google+""/></a> </div></p><p><a href=""http://yro.slashdot.org/story/15/02/28/2248256/uber-discloses-database-breach-targets-github-with-subpoena?utm_source=rss1.0moreanon&amp;utm_medium=feed"">Read more of this story</a> at Slashdot.</p><iframe src=""http://slashdot.org/slashdot-it.pl?op=discuss&amp;id=7032129&amp;smallembed=1"" style=""height: 300px; width: 100%; border: none;""></iframe><img width='1' height='1' src='http://slashdot.feedsportal.com/c/35028/f/647410/s/43e765ae/sc/4/mf.gif' border='0'/><br clear='all'/><br/><br/><a href=""http://da.feedsportal.com/r/222166653851/u/49/f/647410/c/35028/s/43e765ae/sc/4/rc/1/rc.htm"" rel=""nofollow""><img src=""http://da.feedsportal.com/r/222166653851/u/49/f/647410/c/35028/s/43e765ae/sc/4/rc/1/rc.img"" border=""0""/></a><br/><a href=""http://da.feedsportal.com/r/222166653851/u/49/f/647410/c/35028/s/43e765ae/sc/4/rc/2/rc.htm"" rel=""nofollow""><img src=""http://da.feedsportal.com/r/222166653851/u/49/f/647410/c/35028/s/43e765ae/sc/4/rc/2/rc.img"" border=""0""/></a><br/><a href=""http://da.feedsportal.com/r/222166653851/u/49/f/647410/c/35028/s/43e765ae/sc/4/rc/3/rc.htm"" rel=""nofollow""><img src=""http://da.feedsportal.com/r/222166653851/u/49/f/647410/c/35028/s/43e765ae/sc/4/rc/3/rc.img"" border=""0""/></a><br/><br/><a href=""http://da.feedsportal.com/r/222166653851/u/49/f/647410/c/35028/s/43e765ae/sc/4/a2.htm""><img src=""http://da.feedsportal.com/r/222166653851/u/49/f/647410/c/35028/s/43e765ae/sc/4/a2.img"" border=""0""/></a><img width=""1"" height=""1"" src=""http://pi.feedsportal.com/r/222166653851/u/49/f/647410/c/35028/s/43e765ae/sc/4/a2t.img"" border=""0""/><img src=""//feeds.feedburner.com/~r/Slashdot/slashdot/~4/XHeQkyVvbXQ"" height=""1"" width=""1"" alt=""""/>"
"Under US Pressure, PayPal Stops Working With Mega",http://rss.slashdot.org/~r/Slashdot/slashdot/~3/QWdylcx43wE/story01.htm,"New submitter seoras sends news that PayPal is now refusing to handle payments for Mega, Kim Dotcom's cloud storage service. A report (PDF) issued in September of last year claimed Mega and other ""cyberlocker"" sites made a great deal of illicit money off piracy. Mega disputes this, of course, and says the report caused U.S. Senator Patrick Leahy to pressure credit card companies to stop working with Mega. Those companies then pressured PayPal to stop as well. The hosting company claims, ""MEGA provided extensive statistics and other evidence showing that MEGA&rsquo;s business is legitimate and legally compliant. After discussions that appeared to satisfy PayPal&rsquo;s queries, MEGA authorised PayPal to share that material with Visa and MasterCard. Eventually PayPal made a non-negotiable decision to immediately terminate services to MEGA.""<p><div class=""share_submission"" style=""position:relative;""> <a class=""slashpop"" href=""http://twitter.com/home?status=Under+US+Pressure%2C+PayPal+Stops+Working+With+Mega%3A+http%3A%2F%2Fbit.ly%2F17Gyn70""><img src=""http://a.fsdn.com/sd/twitter_icon_large.png""></a> <a class=""slashpop"" href=""http://www.facebook.com/sharer.php?u=http%3A%2F%2Fyro.slashdot.org%2Fstory%2F15%2F02%2F28%2F203203%2Funder-us-pressure-paypal-stops-working-with-mega%3Futm_source%3Dslashdot%26utm_medium%3Dfacebook""><img src=""http://a.fsdn.com/sd/facebook_icon_large.png""></a> <a class=""nobg"" href=""http://plus.google.com/share?url=http://yro.slashdot.org/story/15/02/28/203203/under-us-pressure-paypal-stops-working-with-mega?utm_source=slashdot&amp;utm_medium=googleplus"" onclick=""javascript:window.open(this.href,'', 'menubar=no,toolbar=no,resizable=yes,scrollbars=yes,height=600,width=600');return false;""><img src=""http://www.gstatic.com/images/icons/gplus-16.png"" alt=""Share on Google+""/></a> </div></p><p><a href=""http://yro.slashdot.org/story/15/02/28/203203/under-us-pressure-paypal-stops-working-with-mega?utm_source=rss1.0moreanon&amp;utm_medium=feed"">Read more of this story</a> at Slashdot.</p><iframe src=""http://slashdot.org/slashdot-it.pl?op=discuss&amp;id=7031837&amp;smallembed=1"" style=""height: 300px; width: 100%; border: none;""></iframe><img width='1' height='1' src='http://slashdot.feedsportal.com/c/35028/f/647410/s/43e6ef78/sc/21/mf.gif' border='0'/><br clear='all'/><br/><br/><a href=""http://da.feedsportal.com/r/222166676135/u/49/f/647410/c/35028/s/43e6ef78/sc/21/rc/1/rc.htm"" rel=""nofollow""><img src=""http://da.feedsportal.com/r/222166676135/u/49/f/647410/c/35028/s/43e6ef78/sc/21/rc/1/rc.img"" border=""0""/></a><br/><a href=""http://da.feedsportal.com/r/222166676135/u/49/f/647410/c/35028/s/43e6ef78/sc/21/rc/2/rc.htm"" rel=""nofollow""><img src=""http://da.feedsportal.com/r/222166676135/u/49/f/647410/c/35028/s/43e6ef78/sc/21/rc/2/rc.img"" border=""0""/></a><br/><a href=""http://da.feedsportal.com/r/222166676135/u/49/f/647410/c/35028/s/43e6ef78/sc/21/rc/3/rc.htm"" rel=""nofollow""><img src=""http://da.feedsportal.com/r/222166676135/u/49/f/647410/c/35028/s/43e6ef78/sc/21/rc/3/rc.img"" border=""0""/></a><br/><br/><a href=""http://da.feedsportal.com/r/222166676135/u/49/f/647410/c/35028/s/43e6ef78/sc/21/a2.htm""><img src=""http://da.feedsportal.com/r/222166676135/u/49/f/647410/c/35028/s/43e6ef78/sc/21/a2.img"" border=""0""/></a><img width=""1"" height=""1"" src=""http://pi.feedsportal.com/r/222166676135/u/49/f/647410/c/35028/s/43e6ef78/sc/21/a2t.img"" border=""0""/><img src=""//feeds.feedburner.com/~r/Slashdot/slashdot/~4/QWdylcx43wE"" height=""1"" width=""1"" alt=""""/>"
What a Half-Vulcan Taught Us About Science (Discover Magazine),http://news.feedzilla.com/en_us/stories/science/423346338?client_source=api&format=json,"The death of Leonard Nimoy yesterday inspired an outpouring of moving
testimonials about his vast impact: as an actor, as a supporter of science and
smart science fiction, as a voice of reason in media both traditional and
digital. You can find these memorials all over Twitter, often accompanied by
incredible photos, such as this on-set candid moment and a look at his
sensitive moment as an advice columnist. Look at #LLAP (live long and prosper)
and see what I mean. Even President Obama weig

"
Xfce 4.12 Released,http://rss.slashdot.org/~r/Slashdot/slashdot/~3/xKwJpXqIRTA/story01.htm,"motang writes: After two years of hard work (and much to the dismay of naysayers who worried the project has been abandoned), the Xfce team has announced the release of Xfce 4.12. Highlights include improvements to the window switcher dialog, intelligent hiding of the panel, new wallpaper settings, better multi-monitor support, improved power settings, additions to the file manager, and a revamped task manager. Here is a quick tour, the full changelog, and the download page. I have been running it since Xubuntu 15.04 beta 1 was released two days ago. It is much improved over 4.10, and the new additions are great.""<p><div class=""share_submission"" style=""position:relative;""> <a class=""slashpop"" href=""http://twitter.com/home?status=Xfce+4.12+Released%3A+http%3A%2F%2Fbit.ly%2F1wA0sJ4""><img src=""http://a.fsdn.com/sd/twitter_icon_large.png""></a> <a class=""slashpop"" href=""http://www.facebook.com/sharer.php?u=http%3A%2F%2Flinux.slashdot.org%2Fstory%2F15%2F03%2F01%2F0558259%2Fxfce-412-released%3Futm_source%3Dslashdot%26utm_medium%3Dfacebook""><img src=""http://a.fsdn.com/sd/facebook_icon_large.png""></a> <a class=""nobg"" href=""http://plus.google.com/share?url=http://linux.slashdot.org/story/15/03/01/0558259/xfce-412-released?utm_source=slashdot&amp;utm_medium=googleplus"" onclick=""javascript:window.open(this.href,'', 'menubar=no,toolbar=no,resizable=yes,scrollbars=yes,height=600,width=600');return false;""><img src=""http://www.gstatic.com/images/icons/gplus-16.png"" alt=""Share on Google+""/></a> </div></p><p><a href=""http://linux.slashdot.org/story/15/03/01/0558259/xfce-412-released?utm_source=rss1.0moreanon&amp;utm_medium=feed"">Read more of this story</a> at Slashdot.</p><iframe src=""http://slashdot.org/slashdot-it.pl?op=discuss&amp;id=7033265&amp;smallembed=1"" style=""height: 300px; width: 100%; border: none;""></iframe><img width='1' height='1' src='http://slashdot.feedsportal.com/c/35028/f/647410/s/43e9e1ab/sc/4/mf.gif' border='0'/><br clear='all'/><br/><br/><a href=""http://da.feedsportal.com/r/222166671950/u/49/f/647410/c/35028/s/43e9e1ab/sc/4/rc/1/rc.htm"" rel=""nofollow""><img src=""http://da.feedsportal.com/r/222166671950/u/49/f/647410/c/35028/s/43e9e1ab/sc/4/rc/1/rc.img"" border=""0""/></a><br/><a href=""http://da.feedsportal.com/r/222166671950/u/49/f/647410/c/35028/s/43e9e1ab/sc/4/rc/2/rc.htm"" rel=""nofollow""><img src=""http://da.feedsportal.com/r/222166671950/u/49/f/647410/c/35028/s/43e9e1ab/sc/4/rc/2/rc.img"" border=""0""/></a><br/><a href=""http://da.feedsportal.com/r/222166671950/u/49/f/647410/c/35028/s/43e9e1ab/sc/4/rc/3/rc.htm"" rel=""nofollow""><img src=""http://da.feedsportal.com/r/222166671950/u/49/f/647410/c/35028/s/43e9e1ab/sc/4/rc/3/rc.img"" border=""0""/></a><br/><br/><a href=""http://da.feedsportal.com/r/222166671950/u/49/f/647410/c/35028/s/43e9e1ab/sc/4/a2.htm""><img src=""http://da.feedsportal.com/r/222166671950/u/49/f/647410/c/35028/s/43e9e1ab/sc/4/a2.img"" border=""0""/></a><img width=""1"" height=""1"" src=""http://pi.feedsportal.com/r/222166671950/u/49/f/647410/c/35028/s/43e9e1ab/sc/4/a2t.img"" border=""0""/><img src=""//feeds.feedburner.com/~r/Slashdot/slashdot/~4/xKwJpXqIRTA"" height=""1"" width=""1"" alt=""""/>"
‘Gulf Forum to Enhance Food Security and Support Small and Medium Scale Farmers’ kicks off tomorrow in Abu Dhabi (AME ),http://news.feedzilla.com/en_us/stories/science/423254229?client_source=api&format=json,"The region’s top-notch agricultural experts and professionals will take part
in the forum to discuss the challenges facing small and medium farmers as well
as promising investment opportunities in the sector.

"
